    28, 246.114113939758,  47.618312090614,   4.610000000000,   0.278000000000
   358, 300.809853830655,  51.694319005118,   2.060000000000,   0.788000000000
   432, 337.309251320441,  36.195594854114,   2.270000000000,   0.746000000000
   496, 207.152474759647,  22.333130464339,   3.880000000000,   0.424000000000
   693, 233.073232383450,  43.781264171173,   4.890000000000,   0.222000000000
   886, 277.959972695209,  54.756248619732,   2.830000000000,   0.634000000000
  1013, 286.697538860201,  54.864356779347,   4.800000000000,   0.240000000000
  1038, 228.645632354055,  42.301823941326,   4.440000000000,   0.312000000000
  1280, 315.849110797894,  49.557682006814,   4.610000000000,   0.278000000000
  1404, 313.441566743393,  50.685996238733,   4.520000000000,   0.296000000000
  1522, 239.454249370123,  49.154723658057,   3.560000000000,   0.488000000000
  1581, 194.057515200506,   7.868225719962,   4.230000000000,   0.354000000000
  2261, 206.860278036657,  26.912353816764,   2.390000000000,   0.722000000000
  2262, 205.964491672897,  25.797259202146,   3.940000000000,   0.412000000000
  2429, 213.228357773661,  34.440094012600,   4.810000000000,   0.238000000000
  2772, 335.900995267919,  41.647009948822,   4.730000000000,   0.254000000000
  2834, 201.947515977985,  22.110352107610,   4.770000000000,   0.246000000000
  2884, 194.030447781769,  10.161534692943,   4.370000000000,   0.326000000000
  2885, 194.024690911752,  10.155880466460,   4.540000000000,   0.292000000000
  2905, 343.081891310991,  35.380269729498,   4.160000000000,   0.368000000000
  3360, 336.084394925994,  42.621844481644,   3.660000000000,   0.468000000000
  3369, 312.005189866572,  55.480258274785,   4.360000000000,   0.328000000000
  3546, 305.142051303021,  57.789856441965,   4.370000000000,   0.326000000000
  3627, 307.884506460938,  57.279631287946,   3.270000000000,   0.546000000000
  3712, 338.906848847334,  40.949690407591,   2.230000000000,   0.754000000000
  3901, 333.709565562394,  45.647739007132,   4.800000000000,   0.240000000000
  3919, 202.013934771535,  25.301872521094,   4.590000000000,   0.282000000000
  4058, 330.421176118042,  48.329218449077,   4.940000000000,   0.212000000000
  4128, 223.064940106555,  48.009910356474,   2.040000000000,   0.792000000000
  4150, 195.569544176221,  15.646303693572,   4.360000000000,   0.328000000000
  4180, 331.956407120658,  47.571745243773,   4.540000000000,   0.292000000000
  4188, 231.494575953240,  53.097778635681,   4.760000000000,   0.248000000000
  4502, 297.231245726685,  61.442458246539,   4.060000000000,   0.388000000000
  4614, 341.158251801699,  40.653471707893,   3.440000000000,   0.512000000000
  4636, 335.296869447420,  46.016672953354,   4.890000000000,   0.222000000000
  4656, 261.343931480312,  62.476658113870,   4.430000000000,   0.314000000000
  4727, 324.848350334089,  53.256322164945,   4.530000000000,   0.294000000000
  5015, 344.137032272877,  38.223015758583,   4.820000000000,   0.236000000000
  5112, 243.510924735908,  60.265085722255,   4.770000000000,   0.246000000000
  5234, 342.860648061003,  40.148518388850,   4.830000000000,   0.234000000000
  5394, 344.327261495381,  38.805030708436,   2.470000000000,   0.706000000000
  5395, 343.242137985619,  40.091746879387,   4.630000000000,   0.274000000000
  5448, 323.063887290415,  55.970608629386,   3.870000000000,   0.426000000000
  5516, 297.044488988208,  63.851553209618,   4.420000000000,   0.316000000000
  5737, 209.276105194753,  41.268760841972,   4.310000000000,   0.338000000000
  5848, 358.482271083348,  16.464160810799,   4.250000000000,   0.350000000000
  6186, 260.065322452849,  65.975878006769,   4.280000000000,   0.344000000000
  6595, 197.504953405675,  26.789524282867,   3.310000000000,   0.538000000000
  6805, 224.920430115514,  57.825382243295,   3.450000000000,   0.510000000000
  6811, 335.850808470104,  51.033111029726,   4.250000000000,   0.350000000000
  6860, 322.332402605397,  59.820591533561,   2.060000000000,   0.788000000000
  6882, 193.335831807580,  19.164496412417,   3.920000000000,   0.416000000000
  6961, 342.613392227286,  44.547805775611,   4.330000000000,   0.334000000000
  7087, 294.058889101308,  67.732024405568,   4.660000000000,   0.268000000000
  7106, 313.838791961538,  63.649897342411,   4.510000000000,   0.298000000000
  7318, 303.111146756014,  66.892916068176,   4.650000000000,   0.270000000000
  7570, 196.433600748692,  28.519989927433,   4.960000000000,   0.208000000000
  7788, 187.332823627701,   6.818337136332,   4.860000000000,   0.228000000000
  7927, 346.127344089061,  42.423463868020,   4.980000000000,   0.204000000000
  7964, 310.638303482589,  66.669685644413,   4.760000000000,   0.248000000000
  8207, 337.272965983010,  53.693120514015,   4.880000000000,   0.224000000000
  8491, 351.966476129169,  33.628224367971,   4.740000000000,   0.252000000000
  8512, 222.064129929332,  61.881215671443,   3.600000000000,   0.480000000000
  8538, 348.152660892967,  40.918202524262,   2.680000000000,   0.664000000000
  8705, 213.737544358158,  57.030774887645,   4.900000000000,   0.220000000000
  8799, 338.516388442078,  54.284123979102,   4.830000000000,   0.234000000000
  8890, 359.948921577967,  13.744602911826,   2.020000000000,   0.796000000000
  9053, 194.854734752614,  31.444075788230,   3.410000000000,   0.518000000000
  9138, 249.395859582878,  71.833841318125,   4.840000000000,   0.232000000000
  9270, 280.185563746655,  73.599546641459,   3.620000000000,   0.476000000000
  9362, 192.153955499415,  26.174383144761,   3.950000000000,   0.410000000000
  9408, 348.897429224738,  42.236314477184,   4.710000000000,   0.258000000000
  9826, 337.477067076610,  58.576471164854,   4.090000000000,   0.382000000000
  9927, 343.616150784050,  52.239621606155,   3.570000000000,   0.486000000000
 10072, 340.854543784193,  56.169889595360,   4.980000000000,   0.204000000000
 10144, 188.578670962126,  18.646437303569,   0.460000000000,   1.108000000000
 10205, 337.899559914291,  59.648395541675,   4.940000000000,   0.212000000000
 10307, 340.119661292606,  57.952107667383,   4.950000000000,   0.210000000000
 10380, 243.171627757558,  74.051590811380,   4.440000000000,   0.312000000000
 10516, 346.261349938057,  50.699956753539,   4.070000000000,   0.386000000000
 10550, 220.555233389916,  68.315016746021,   4.990000000000,   0.202000000000
 10700, 205.297142437328,  58.088457583624,   3.500000000000,   0.500000000000
 10761, 254.877140687805,  76.422982588038,   4.260000000000,   0.348000000000
 11171, 207.641373083803,  63.386230820912,   4.670000000000,   0.266000000000
 11353, 207.082362783251,  63.908133202540,   3.730000000000,   0.454000000000
 11415, 353.727999195641,  38.749553701796,   3.380000000000,   0.524000000000
 11443, 329.338572872810,  70.368894435791,   3.410000000000,   0.518000000000
 11502, 301.673342155135,  77.512682910416,   4.750000000000,   0.250000000000
 11503, 301.682367181724,  77.511620370283,   4.830000000000,   0.234000000000
 11529, 355.341792160983,  33.903064072324,   4.990000000000,   0.202000000000
 11559, 229.457087644269,  75.179909403932,   4.620000000000,   0.276000000000
 11636, 308.123837942575,  76.937775856594,   2.640000000000,   0.672000000000
 11695, 188.877924328445,  29.846501158563,   4.410000000000,   0.318000000000
 11930, 196.147073331838,  53.025766662138,   4.850000000000,   0.230000000000
 11937, 187.216771911984,  24.735408513272,   3.700000000000,   0.460000000000
 11973, 319.191001905936,  75.700310192735,   4.790000000000,   0.242000000000
 11977, 184.139208755218,   8.967428567532,   4.690000000000,   0.262000000000
 12055, 187.940280497181,  28.914216359564,   4.830000000000,   0.234000000000
 12111, 356.467906106965,  31.828484951040,   4.540000000000,   0.292000000000
 12216, 356.914988501606,  30.358685117079,   3.980000000000,   0.404000000000
 12274, 195.597663490040,  54.636114353739,   4.000000000000,   0.400000000000
 12311, 184.844536724577,  15.019400300373,   2.860000000000,   0.628000000000
 12447, 222.088753536399,  76.360545449087,   4.330000000000,   0.334000000000
 12533, 347.235897207506,  59.732965468759,   2.260000000000,   0.748000000000
 12534, 347.236537600142,  59.731902375612,   4.840000000000,   0.232000000000
 12767, 190.844823745834,  46.914930875559,   4.690000000000,   0.262000000000
 12929, 325.715447099020,  77.177105086921,   2.000000000000,   0.800000000000
 13041, 346.245239702103,  64.264447037300,   4.820000000000,   0.236000000000
 13161, 344.615983299697,  67.064776731365,   3.000000000000,   0.600000000000
 13174, 333.207292829088,  75.373064780735,   4.980000000000,   0.204000000000
 13480, 341.776046078578,  71.680385947965,   4.940000000000,   0.212000000000
 13520, 351.342370151324,  58.309514243353,   4.830000000000,   0.234000000000
 13611, 236.998290941216,  82.492730526992,   4.370000000000,   0.326000000000
 13974, 347.957784274242,  68.231034890811,   4.870000000000,   0.226000000000
 14055, 347.842302821110,  68.609107846585,   4.010000000000,   0.398000000000
 14228, 183.749076148627,  25.312421528903,   3.560000000000,   0.488000000000
 14386, 196.853778058409,  73.329200428819,   3.040000000000,   0.592000000000
 14872, 356.584918712446,  52.635526939764,   4.710000000000,   0.258000000000
 15008, 181.507660255028,   8.287471134574,   4.090000000000,   0.382000000000
 15089, 358.859399129582,  35.583285278501,   4.520000000000,   0.296000000000
 15130, 187.097261244917,  64.518423740066,   4.890000000000,   0.222000000000
 15318, 209.398403740925,  84.797302329452,   4.280000000000,   0.344000000000
 15371, 182.185499445234,  29.243181885255,   4.250000000000,   0.350000000000
 15798, 183.225459449226,  61.710251709844,   4.750000000000,   0.250000000000
 16046, 181.521436318276,  48.752374708202,   4.900000000000,   0.220000000000
 16161, 184.995149756909,  82.562819527395,   4.860000000000,   0.228000000000
 16582, 178.824573586734,  77.324046793829,   4.070000000000,   0.386000000000
 16620, 179.346435285837,  65.125318458523,   4.840000000000,   0.232000000000
 16739,   1.539419400205,  62.799489074480,   4.910000000000,   0.218000000000
 16754, 179.677246302606,  34.108547225334,   4.750000000000,   0.250000000000
 16815, 179.442795203644,  37.142881564781,   4.110000000000,   0.378000000000
 16895,   1.550712333036,  53.759134065059,   4.120000000000,   0.376000000000
 16908,   4.296735829750,  75.251766156161,   4.660000000000,   0.268000000000
 16970, 172.909756186343,  80.160997959903,   3.470000000000,   0.506000000000
 16978, 179.865870345985,   8.734522539914,   4.110000000000,   0.378000000000
 17081, 176.943558825998,  63.104238366666,   4.250000000000,   0.350000000000
 17094, 151.113535050600,  86.706892728814,   4.270000000000,   0.346000000000
 17206, 176.975540378894,  58.384851202754,   4.470000000000,   0.306000000000
 17361,   7.271572095006,  73.611182974443,   4.510000000000,   0.298000000000
 17506,   2.480914280396,  47.046513558719,   3.760000000000,   0.448000000000
 17566, 179.288733686506,   9.374838085349,   4.840000000000,   0.232000000000
 17573,  10.226731518101,  75.492470071667,   3.630000000000,   0.474000000000
 17584,   5.500360622761,  64.544655646681,   4.230000000000,   0.354000000000
 17652, 176.829847852128,  44.523844124991,   4.460000000000,   0.308000000000
 17709,   7.021601667879,  67.750171379677,   4.530000000000,   0.294000000000
 17824, 174.744871320065,  55.855999438417,   4.750000000000,   0.250000000000
 17878,   3.691223227047,  50.119629371232,   3.950000000000,   0.410000000000
 18242, 177.188468585564,  27.020060230748,   4.000000000000,   0.400000000000
 18293, 179.196845467995,   1.915086571577,   4.750000000000,   0.250000000000
 18322, 168.248413452186,  67.652339330839,   3.890000000000,   0.422000000000
 18411,   8.576014593807,  62.971065203192,   4.700000000000,   0.260000000000
 18449,  10.932642452157,  67.340803332973,   4.930000000000,   0.214000000000
 18519,  29.939842646615,  80.308338714306,   4.630000000000,   0.274000000000
 18520,  29.939842646615,  80.308338714306,   4.630000000000,   0.274000000000
 18604, 127.618099131733,  83.375354811472,   4.700000000000,   0.260000000000
 18622, 175.281182412658,  36.499014141644,   3.240000000000,   0.552000000000
 18623, 175.277215293680,  36.498958442923,   4.350000000000,   0.330000000000
 18866, 177.695368494870,  12.832096341724,   4.990000000000,   0.202000000000
 18884, 146.059454022194,  79.325576068779,   2.530000000000,   0.694000000000
 18925,   5.949387009271,  49.165472164907,   2.930000000000,   0.614000000000
 18970,   5.309928772681,  45.993647461586,   4.760000000000,   0.248000000000
 18978, 170.868948413251,  52.912063149383,   4.090000000000,   0.382000000000
 19058,  11.670603577239,  63.497834362283,   3.390000000000,   0.522000000000
 19275,   2.521201139272,  28.433065274712,   4.870000000000,   0.226000000000
 19356,  11.693111779728,  61.305946622716,   2.120000000000,   0.776000000000
 19373,   8.179871509482,  52.857370685393,   4.050000000000,   0.390000000000
 19476,  10.211166822884,  57.470465622951,   3.800000000000,   0.440000000000
 19656,  13.704300262609,  62.428444832092,   4.630000000000,   0.274000000000
 19787,  48.640088990210,  79.594712449330,   4.350000000000,   0.330000000000
 20010, 169.126364454906,  47.236694686665,   3.870000000000,   0.426000000000
 20150,  45.990482978283,  78.156712376964,   4.890000000000,   0.222000000000
 20320, 156.470195541918,  66.289705116374,   4.800000000000,   0.240000000000
 20336,   5.297211145820,  36.883731157238,   4.840000000000,   0.232000000000
 20468,  21.569806949816,  66.901283221641,   4.820000000000,   0.236000000000
 20610, 164.493321881939,  53.168463316206,   4.880000000000,   0.224000000000
 20630, 132.733412739295,  76.043365797576,   4.830000000000,   0.234000000000
 20644,  29.554725522693,  71.242742347606,   4.470000000000,   0.306000000000
 20677,  14.915853913828,  58.296620773677,   4.950000000000,   0.210000000000
 20720, 163.700282095851,  53.813567403436,   3.690000000000,   0.462000000000
 20794, 170.944456437088,  33.133890876820,   4.270000000000,   0.346000000000
 20902,  11.967277165653,  51.965818793218,   1.790000000000,   0.842000000000
 21120, 108.066727141871,  77.962288477081,   3.600000000000,   0.480000000000
 21278,  13.331609011954,  52.520151015135,   4.980000000000,   0.204000000000
 21291,   8.476224889500,  42.145570028736,   4.210000000000,   0.358000000000
 21364, 104.035173430131,  77.630326562382,   3.740000000000,   0.452000000000
 21389,   9.035931030874,  43.129787303442,   4.540000000000,   0.292000000000
 21428,  13.408420815718,  52.027338262397,   4.670000000000,   0.266000000000
 21552,  14.608048371648,  53.369496263641,   4.360000000000,   0.328000000000
 21754,  88.792196460815,  77.239396926830,   4.110000000000,   0.378000000000
 21790, 143.554639146609,  67.764810433308,   4.730000000000,   0.254000000000
 22001, 174.057187151247,  13.422308439532,   4.720000000000,   0.256000000000
 22049, 148.271197733853,  63.788196464889,   3.730000000000,   0.454000000000
 22192,  15.998658526195,  52.806144435085,   4.230000000000,   0.354000000000
 22203, 158.412403703582,  52.803738169333,   4.270000000000,   0.346000000000
 22484, 129.895520892530,  70.816478223389,   4.280000000000,   0.344000000000
 22663, 166.341447459803,  35.017209217046,   4.580000000000,   0.284000000000
 22928,  17.893227290248,  52.715462122379,   3.010000000000,   0.598000000000
 22951,  31.990290706730,  64.507481625784,   4.970000000000,   0.206000000000
 23089,   9.526158028209,  38.273658024128,   4.800000000000,   0.240000000000
 23180,  35.289144097233,  65.525940543456,   3.830000000000,   0.434000000000
 23230,  22.858072953854,  57.093847283395,   3.770000000000,   0.446000000000
 23249, 143.970113201487,  62.132869130112,   3.540000000000,   0.492000000000
 23302,  52.305302715423,  70.772250442980,   3.700000000000,   0.460000000000
 23319, 163.848823262204,  37.462935407210,   4.590000000000,   0.282000000000
 23338,  51.530267762735,  70.517289499824,   4.300000000000,   0.340000000000
 23401,   6.561563272256,  30.657697668711,   4.630000000000,   0.274000000000
 23408,  52.007973632667,  70.453068226139,   3.870000000000,   0.426000000000
 23475,   8.968499047648,  36.105649512241,   4.470000000000,   0.306000000000
 23480,  53.256196031511,  70.577836165311,   4.180000000000,   0.364000000000
 23614, 145.525228992212,  59.808043901356,   4.420000000000,   0.316000000000
 23630,  53.268339511695,  70.268844600521,   2.870000000000,   0.626000000000
 23754, 155.091539566330,  50.078849777727,   4.230000000000,   0.354000000000
 23817, 172.919199740147,  11.203830572385,   3.850000000000,   0.430000000000
 23850,  53.970526323318,  69.968291429688,   3.630000000000,   0.474000000000
 24072, 162.646280054809,  36.772763972685,   4.730000000000,   0.254000000000
 24160, 161.779508501998,  38.026911219550,   4.170000000000,   0.366000000000
 24398,  39.463509646227,  64.364393356128,   2.850000000000,   0.630000000000
 24512, 175.362031110037,   2.084998875380,   3.240000000000,   0.552000000000
 24555, 128.981996043263,  65.331127085440,   4.790000000000,   0.242000000000
 24587, 153.915679165154,  48.148495128046,   4.650000000000,   0.270000000000
 24760,  29.215960989038,  57.851289648315,   2.890000000000,   0.622000000000
 24912,  34.970343528649,  60.897007960968,   4.040000000000,   0.392000000000
 25025, 142.619548140501,  56.969996068668,   2.950000000000,   0.610000000000
 25204,  89.130621554947,  69.959927825114,   3.470000000000,   0.506000000000
 25267, 151.630960564135,  47.976490388307,   4.660000000000,   0.268000000000
 25422, 170.228677333313,  13.924290631453,   4.560000000000,   0.288000000000
 25490, 106.563145411846,  67.993955654682,   3.910000000000,   0.418000000000
 25604,  63.113549795680,  67.572835316625,   4.360000000000,   0.328000000000
 25642,  21.164828706282,  48.558442567385,   4.290000000000,   0.342000000000
 25705, 170.255497655970,  13.124153057315,   4.510000000000,   0.298000000000
 25728, 169.814700934280,  14.117375490943,   4.970000000000,   0.206000000000
 25940,  23.911799417716,  50.533909521110,   4.040000000000,   0.392000000000
 26574, 129.192565925587,  59.483122968269,   4.040000000000,   0.392000000000
 26612, 160.082746831314,  31.043116785824,   4.930000000000,   0.214000000000
 26630,  24.558388045791,  49.351976453125,   4.140000000000,   0.372000000000
 26673,  33.074843698460,  55.345677267616,   4.710000000000,   0.258000000000
 26722,  96.575672838635,  66.301698527546,   4.840000000000,   0.232000000000
 26846, 133.192346511023,  56.722512285821,   4.870000000000,   0.226000000000
 26912,  97.276069222670,  65.839969353154,   4.290000000000,   0.342000000000
 26961,  23.477532876486,  47.524328567733,   4.610000000000,   0.278000000000
 26965, 129.326574223110,  58.309397411937,   4.430000000000,   0.314000000000
 26967, 159.631523278707,  30.509525957968,   3.860000000000,   0.428000000000
 27045,  68.847508044016,  65.213868745822,   4.940000000000,   0.212000000000
 27256, 168.886653288396,  12.237891664121,   3.350000000000,   0.530000000000
 27290, 163.857692190262,  22.124806573534,   4.250000000000,   0.350000000000
 27348,  42.548246442173,  58.429441297933,   4.930000000000,   0.214000000000
 27371,  80.785266741559,  65.337438069934,   3.650000000000,   0.470000000000
 27376, 153.831023598374,  37.561297626059,   3.560000000000,   0.488000000000
 27382,  54.991612443628,  62.218827337146,   4.950000000000,   0.210000000000
 27396,  27.783414824338,  50.109841484745,   4.850000000000,   0.230000000000
 27442, 167.308982738526,  15.025838133334,   4.440000000000,   0.312000000000
 27697,  76.433604307779,  64.428364207749,   3.760000000000,   0.448000000000
 27819,  76.729615326638,  64.166801610264,   4.800000000000,   0.240000000000
 27934,  66.150010068390,  62.950980046833,   4.220000000000,   0.356000000000
 27962,  75.720735862695,  63.780033356759,   4.290000000000,   0.342000000000
 28024,  65.187048566754,  62.601074578195,   4.280000000000,   0.344000000000
 28028, 152.617106252094,  36.701508114259,   3.960000000000,   0.408000000000
 28052,  80.967939490957,  63.762515855123,   4.490000000000,   0.302000000000
 28100,  83.015452674894,  63.718562893569,   4.690000000000,   0.262000000000
 28292,  79.365500245054,  63.221433429836,   4.970000000000,   0.206000000000
 28305,  73.188636700491,  62.870371446076,   3.530000000000,   0.494000000000
 28307,  80.250086788026,  63.211012666838,   3.840000000000,   0.432000000000
 28319,  80.454596094499,  63.195168016061,   3.400000000000,   0.520000000000
 28527,  79.793031623600,  62.723712373875,   4.780000000000,   0.244000000000
 28749, 112.685761250512,  59.022795735378,   4.910000000000,   0.218000000000
 28910,  82.745787072629,  61.969658235468,   4.650000000000,   0.270000000000
 29085, 147.448801598481,  39.038393086816,   4.510000000000,   0.298000000000
 29094,  36.773947710948,  51.772607920297,   4.250000000000,   0.350000000000
 29139,  79.265798220739,  61.421593600351,   0.850000000000,   1.030000000000
 29140,  92.498866598511,  61.181928474108,   4.250000000000,   0.350000000000
 29248, 117.191566627094,  56.490538114470,   3.930000000000,   0.414000000000
 29291, 147.612481289547,  38.136855116732,   3.820000000000,   0.436000000000
 29305, 163.083516871702,  17.728081285587,   3.270000000000,   0.546000000000
 29388,  87.538475446029,  60.835827939934,   4.270000000000,   0.346000000000
 29488,  80.554216479531,  60.642725253095,   4.690000000000,   0.262000000000
 29503, 131.606390149555,  49.707124342684,   3.870000000000,   0.426000000000
 29755, 136.871557369709,  45.637549325567,   4.320000000000,   0.336000000000
 29763,  66.828603809264,  59.016973598436,   4.280000000000,   0.344000000000
 29875, 154.518103339040,  28.360970928787,   4.450000000000,   0.310000000000
 30211, 115.087581252154,  54.530003841768,   4.020000000000,   0.396000000000
 30504,  44.148225070308,  51.854034262990,   4.880000000000,   0.224000000000
 30614,  15.277983538396,  32.053638470100,   4.290000000000,   0.342000000000
 30652,  97.333860315788,  57.131595092811,   3.190000000000,   0.562000000000
 30739,  93.754587122874,  57.339926029376,   4.360000000000,   0.328000000000
 30834,  45.689837189435,  51.780386865060,   4.780000000000,   0.244000000000
 30836,  99.583497050904,  56.469980718414,   3.690000000000,   0.462000000000
 30959,  83.782085458266,  57.436149085282,   4.740000000000,   0.252000000000
 31109, 116.841773312290,  51.862783833930,   4.390000000000,   0.322000000000
 31237, 104.540389630506,  54.805627697430,   3.720000000000,   0.456000000000
 31278,  26.427708243865,  40.932006671390,   4.470000000000,   0.306000000000
 31295,  91.182445902822,  56.498416707858,   4.650000000000,   0.270000000000
 31398,  51.492488661309,  52.588025543916,   2.690000000000,   0.662000000000
 31421,  85.053821838319,  56.473694551031,   4.070000000000,   0.386000000000
 31647,  45.068035933333,  50.052170858635,   4.940000000000,   0.212000000000
 31767, 105.098681731594,  53.554313655079,   4.470000000000,   0.306000000000
 31910,  21.010760083242,  35.696221626799,   4.030000000000,   0.394000000000
 31964,  37.867327771877,  46.509901020277,   2.990000000000,   0.602000000000
 32045, 124.633959206264,  46.625175081620,   4.790000000000,   0.242000000000
 32068,  41.346769310732,  47.914131893060,   3.750000000000,   0.450000000000
 32249, 117.563618029861,  49.167633360959,   4.810000000000,   0.238000000000
 32301,  70.903543356011,  54.526697988544,   4.640000000000,   0.272000000000
 32309, 132.635450550625,  41.749686410666,   4.910000000000,   0.218000000000
 32549,  81.593184417305,  54.556911647900,   4.680000000000,   0.264000000000
 32630,  41.721605734382,  47.181033287783,   3.170000000000,   0.566000000000
 32831, 145.789095286241,  30.491228365318,   4.550000000000,   0.290000000000
 32887, 134.149063291781,  39.526521913390,   3.190000000000,   0.562000000000
 33111, 113.617469820220,  48.735781783390,   2.790000000000,   0.642000000000
 33262, 160.662459100994,  13.304923664507,   4.720000000000,   0.256000000000
 33276,  81.231999590437,  53.323577431105,   4.820000000000,   0.236000000000
 33328, 118.208305204167,  46.729555152368,   4.270000000000,   0.346000000000
 33641,  46.215708354698,  47.308815070154,   4.860000000000,   0.228000000000
 33802, 121.464662084668,  44.468102879191,   4.450000000000,   0.310000000000
 33856, 101.442930498806,  50.419291434480,   4.460000000000,   0.308000000000
 33904, 126.306810565839,  41.942473464634,   3.310000000000,   0.538000000000
 33949, 122.557619729165,  43.703172465733,   4.360000000000,   0.328000000000
 34029,  37.285809081163,  43.142041773309,   0.080000000000,   1.184000000000
 34085, 116.572111032188,  45.830013550811,   0.120000000000,   1.176000000000
 34334,  53.797672151372,  48.405233555564,   4.540000000000,   0.292000000000
 34411,  44.813862454762,  45.606598418811,   4.710000000000,   0.258000000000
 34503, 114.341785434185,  45.782024367193,   3.600000000000,   0.480000000000
 34559,  70.853525321301,  50.737925200269,   4.940000000000,   0.212000000000
 34642, 143.099155531094,  29.063164458055,   4.830000000000,   0.234000000000
 34649, 165.847307856592,   4.994170085888,   4.830000000000,   0.234000000000
 34816, 121.705369394432,  42.268642419855,   4.290000000000,   0.342000000000
 34968, 130.227545576683,  37.534939946377,   4.710000000000,   0.258000000000
 35039, 105.104027958173,  47.384248828432,   4.730000000000,   0.254000000000
 35186,  48.987135844206,  45.735070628328,   4.990000000000,   0.202000000000
 35296,  78.328793754153,  49.804951978297,   4.990000000000,   0.202000000000
 35369, 114.564742687861,  43.946491809254,   4.140000000000,   0.372000000000
 35411, 107.501503743716,  46.036470386165,   3.360000000000,   0.528000000000
 35439, 101.632637567539,  47.387381070213,   4.950000000000,   0.210000000000
 35468,  95.100365730460,  48.453022164077,   1.640000000000,   0.872000000000
 35497,  61.397768061413,  48.069742602737,   1.650000000000,   0.870000000000
 35708,  71.406761182767,  48.825493845107,   4.880000000000,   0.224000000000
 35715,  99.646081007968,  47.241255151215,   4.590000000000,   0.282000000000
 36079, 128.398236204242,  36.348900336867,   2.840000000000,   0.632000000000
 36167, 105.090248837255,  45.266338749154,   4.710000000000,   0.258000000000
 36267,  95.226894575629,  46.990951929784,   4.200000000000,   0.360000000000
 36371,  56.805226294612,  45.844590169286,   4.760000000000,   0.248000000000
 36389,  76.521215486882,  47.939991989272,   4.380000000000,   0.324000000000
 36486, 103.763676918870,  44.994345841219,   2.230000000000,   0.754000000000
 36512, 112.757462297693,  42.386546356535,   4.620000000000,   0.276000000000
 36597, 141.405887615371,  26.625252966646,   3.870000000000,   0.426000000000
 36673, 124.621352403250,  37.112895199423,   2.580000000000,   0.684000000000
 36822,  89.867796840925,  46.673836954506,   4.410000000000,   0.318000000000
 36861,  89.210023620518,  46.663968810155,   3.540000000000,   0.492000000000
 36960, 110.725452017868,  42.217488267476,   4.780000000000,   0.244000000000
 37018, 109.229935591655,  42.594336855943,   4.590000000000,   0.282000000000
 37043, 110.558043779418,  42.163096096069,   2.770000000000,   0.646000000000
 37128, 104.475819111982,  43.706820545966,   1.700000000000,   0.860000000000
 37160,  90.035601724344,  46.135167662659,   4.090000000000,   0.382000000000
 37202,  72.841716389492,  46.566028788904,   3.000000000000,   0.600000000000
 37350, 161.175771074180,   7.206598126917,   3.760000000000,   0.448000000000
 37468, 105.983850702287,  42.636580809957,   3.810000000000,   0.438000000000
 37490,  97.074729424701,  44.531202202936,   4.570000000000,   0.286000000000
 37507, 111.687206723138,  40.852809605574,   4.800000000000,   0.240000000000
 37711,  79.512596769723,  45.760971594023,   4.860000000000,   0.228000000000
 37742, 104.912419507795,  42.387850098362,   2.050000000000,   0.790000000000
 37743, 104.912419507795,  42.387850098362,   4.210000000000,   0.358000000000
 37756, 103.860859764301,  42.636685861052,   4.950000000000,   0.210000000000
 37795, 138.963485641430,  26.219914088390,   2.640000000000,   0.672000000000
 37984, 100.309014667815,  43.039378929888,   4.910000000000,   0.218000000000
 38393, 127.516014602705,  32.283721265384,   3.600000000000,   0.480000000000
 38656,  48.972544410950,  40.601575658736,   4.520000000000,   0.296000000000
 38678, 119.254692123722,  35.695996603989,   3.550000000000,   0.490000000000
 38751,  68.285236463862,  43.688848293015,   4.860000000000,   0.228000000000
 38771, 113.398726599454,  37.837846029866,   2.060000000000,   0.788000000000
 38899,  84.763891889663,  43.502318590199,   4.910000000000,   0.218000000000
 38944,  51.477659769456,  40.815096299627,   4.740000000000,   0.252000000000
 39003,  49.197005152315,  40.185110957684,   3.970000000000,   0.406000000000
 39014, 162.560603795824,   4.026678835087,   4.350000000000,   0.330000000000
 39060, 151.603357645489,  13.950155437263,   3.850000000000,   0.430000000000
 39283,  30.501769735483,  33.057911287457,   4.990000000000,   0.202000000000
 39357,  64.297664955695,  42.381863694280,   4.580000000000,   0.284000000000
 39364, 124.946178977909,  31.773340256152,   3.810000000000,   0.438000000000
 39400,  98.892879069370,  40.751117483081,   4.780000000000,   0.244000000000
 39425, 138.825038741622,  23.350493611002,   3.120000000000,   0.576000000000
 39523, 155.176931953851,  10.215645321672,   4.510000000000,   0.298000000000
 39587,  74.255105271509,  42.686818108081,   4.410000000000,   0.318000000000
 39764, 136.822294193687,  24.189631450061,   4.870000000000,   0.226000000000
 39801,  91.517341997090,  41.358813930540,   0.500000000000,   1.100000000000
 40035,  32.377422219909,  33.120056534602,   3.720000000000,   0.456000000000
 40111,  66.674049604691,  41.538189797255,   4.820000000000,   0.236000000000
 40136, 117.257554834229,  33.971982896121,   3.710000000000,   0.458000000000
 40176, 139.383748665231,  21.803243134828,   4.970000000000,   0.206000000000
 40183,  42.827811152450,  36.862498974810,   1.900000000000,   0.820000000000
 40239,  41.707713356232,  36.442149553606,   4.260000000000,   0.348000000000
 40312,  52.201820998775,  39.176320250535,   2.620000000000,   0.676000000000
 40409, 159.943038853064,   5.123915683340,   4.650000000000,   0.270000000000
 40494, 137.527904413448,  22.574138680667,   4.360000000000,   0.328000000000
 40657, 104.227491097584,  37.464806063956,   4.530000000000,   0.294000000000
 40808, 143.709780403349,  17.759536318445,   3.960000000000,   0.408000000000
 40932,  88.203704006560,  39.985059612251,   4.120000000000,   0.376000000000
 40967, 112.673498814802,  34.298237661824,   4.950000000000,   0.210000000000
 41116,  70.356296901558,  40.336174651931,   4.160000000000,   0.368000000000
 41117,  74.457242034843,  40.447331396083,   4.630000000000,   0.274000000000
 41511, 118.601944280309,  31.079977148249,   4.930000000000,   0.214000000000
 41695, 116.831931206275,  31.517114006687,   4.670000000000,   0.266000000000
 41753,  81.401274563293,  39.341610704274,   4.420000000000,   0.316000000000
 42545,  79.550158036794,  38.369760288184,   4.950000000000,   0.210000000000
 42560,  81.993411301010,  38.238481071317,   4.480000000000,   0.304000000000
 42818,  18.459252422087,  24.049493099483,   4.800000000000,   0.240000000000
 42933, 152.350776147257,   8.790774578165,   4.810000000000,   0.238000000000
 42973,  26.111083076611,  27.732790994909,   4.980000000000,   0.204000000000
 42995,  71.422378462080,  37.883087894204,   3.280000000000,   0.544000000000
 43039,  62.618182905666,  37.348957436243,   4.350000000000,   0.330000000000
 43232, 106.415890670887,  32.921483722535,   3.980000000000,   0.404000000000
 43378,  28.787461452644,  28.598889781431,   4.480000000000,   0.304000000000
 43785, 135.044220798808,  19.454767644775,   4.370000000000,   0.326000000000
 44131, 102.172790378198,  32.778848403356,   4.900000000000,   0.220000000000
 44402, 129.986546533665,  21.441194265985,   3.020000000000,   0.596000000000
 44478,  71.429923121822,  36.016365637881,   2.880000000000,   0.624000000000
 44537,  39.590398199578,  31.363610983187,   4.910000000000,   0.218000000000
 44743, 117.986046859634,  26.633832052519,   1.980000000000,   0.804000000000
 44762, 132.867892779762,  19.384014423988,   3.850000000000,   0.430000000000
 44769,  93.168199164539,  33.824914657345,   4.440000000000,   0.312000000000
 45348, 149.290374771076,   8.521027914389,  -0.720000000000,   1.344000000000
 45542,  74.216860454345,  34.576401021829,   4.150000000000,   0.370000000000
 45725, 105.891455003263,  29.400168939859,   4.600000000000,   0.280000000000
 45813, 131.403774133596,  18.723993477395,   4.480000000000,   0.304000000000
 46300,  89.421113817299,  32.155064175796,   4.500000000000,   0.300000000000
 46328, 122.365362457288,  22.328193338118,   4.330000000000,   0.334000000000
 46933, 121.577605156748,  21.865921017527,   4.540000000000,   0.292000000000
 47105,  78.613964004321,  32.256175343885,   1.930000000000,   0.814000000000
 47174,  47.996606553503,  30.599207656329,   4.790000000000,   0.242000000000
 47205, 117.763015681658,  23.080857304316,   3.950000000000,   0.410000000000
 47306, 148.592486972277,   6.982240795795,   4.390000000000,   0.322000000000
 47442, 116.625009126636,  23.231892200064,   4.430000000000,   0.314000000000
 47667, 112.355327689455,  24.499357598962,   4.820000000000,   0.236000000000
 47670, 139.908719431655,  11.723599972436,   3.170000000000,   0.566000000000
 47839,  86.057721755661,  30.638656473357,   4.660000000000,   0.268000000000
 47973, 144.208367939526,   9.007076062083,   4.930000000000,   0.214000000000
 48250,  29.712955334254,  25.269481036815,   4.870000000000,   0.226000000000
 48329,  68.272330758229,  31.228096464835,   2.980000000000,   0.604000000000
 48433,  82.105989772446,  30.394521237053,   4.490000000000,   0.302000000000
 48737,  82.438617355369,  30.036812336371,   3.360000000000,   0.528000000000
 48915, 114.377827001926,  22.228357773533,  -1.460000000000,   1.492000000000
 49161,  87.854636521729,  28.774285571286,   4.770000000000,   0.246000000000
 49293,  94.063864439330,  27.479221829859,   4.470000000000,   0.306000000000
 49878,  12.418002305422,  18.102770138348,   4.550000000000,   0.290000000000
 50013, 129.092463630925,  14.730055715581,   3.960000000000,   0.408000000000
 50019,  58.130090202483,  29.039187000046,   3.600000000000,   0.480000000000
 50235, 130.710057499407,  13.709249400284,   4.990000000000,   0.202000000000
 50241, 155.324690223309,   0.783889797646,   3.270000000000,   0.546000000000
 50310, 145.357428068433,   6.210528487176,   2.930000000000,   0.614000000000
 50337, 147.995371445925,   4.744213924731,   4.400000000000,   0.320000000000
 50522,  31.234704623789,  24.195457209387,   4.350000000000,   0.330000000000
 50635,  81.765379075041,  27.819221562827,   4.650000000000,   0.270000000000
 50707, 117.040320064121,  19.055788764966,   4.830000000000,   0.234000000000
 50778, 108.821492968031,  21.838831646320,   4.070000000000,   0.386000000000
 50877, 120.823323279796,  17.386609929915,   3.870000000000,   0.426000000000
 50973,  45.708254991582,  26.903281387070,   4.900000000000,   0.220000000000
 51199, 116.758860531764,  18.636603876997,   4.680000000000,   0.264000000000
 51309, 113.677563534582,  19.657289721023,   4.370000000000,   0.326000000000
 51799, 143.191750408871,   6.215782891113,   4.950000000000,   0.210000000000
 52089, 124.955208618402,  14.529984393195,   1.500000000000,   0.900000000000
 52877, 123.691124393583,  14.325391718627,   3.470000000000,   0.506000000000
 52918, 100.100238960486,  22.150783468092,   4.990000000000,   0.202000000000
 52973,  73.231973626538,  26.376990598918,   3.790000000000,   0.442000000000
 53138, 119.661685856468,  15.650710917881,   3.020000000000,   0.596000000000
 53244, 111.593766965996,  18.441804823608,   4.120000000000,   0.376000000000
 53811, 143.392451573235,   4.714033695457,   4.930000000000,   0.214000000000
 54605, 121.634630472070,  13.556928463902,   1.840000000000,   0.832000000000
 54716,  52.394707045439,  24.926669447392,   4.900000000000,   0.220000000000
 54719,  62.411434299291,  25.246135320373,   4.410000000000,   0.318000000000
 54810,  99.567760110592,  20.395485728993,   4.920000000000,   0.216000000000
 54893, 133.990129012360,   8.189595908286,   4.830000000000,   0.234000000000
 55185,  95.587491968040,  20.960862094475,   4.150000000000,   0.370000000000
 55892, 140.210925617292,   4.624627278177,   4.490000000000,   0.302000000000
 55966,   7.492613909104,  15.096098721128,   4.960000000000,   0.208000000000
 56014, 121.094513757654,  12.352298422742,   4.660000000000,   0.268000000000
 56022, 138.722297044743,   5.170989691029,   4.890000000000,   0.222000000000
 56139, 121.448746383405,  12.084180431209,   3.850000000000,   0.430000000000
 56456, 141.445965546856,   3.679545885881,   4.760000000000,   0.248000000000
 56537,  77.246462087527,  22.651179559200,   3.580000000000,   0.484000000000
 56577, 117.992788922040,  12.941608253652,   4.790000000000,   0.242000000000
 56618, 122.354367070539,  11.310378675202,   4.640000000000,   0.272000000000
 56855, 130.966753811424,   7.727680239437,   2.700000000000,   0.660000000000
 56986,  71.325629037915,  22.784144020140,   3.530000000000,   0.494000000000
 57060, 119.015946521638,  12.063549862688,   4.980000000000,   0.204000000000
 57061, 119.391571650007,  11.917645901334,   4.400000000000,   0.320000000000
 57150, 130.537769330273,   7.652514860308,   4.660000000000,   0.268000000000
 57821, 113.385438674364,  13.160661664260,   4.960000000000,   0.208000000000
 58142,  41.880415896347,  21.503668935452,   4.640000000000,   0.272000000000
 58207,  64.948767754918,  21.968354841357,   3.790000000000,   0.442000000000
 58350, 123.101973571678,   9.263241006609,   2.450000000000,   0.710000000000
 58367,  84.628065883108,  19.687463253393,   4.990000000000,   0.202000000000
 58715,  85.581434330368,  19.134917611375,   2.900000000000,   0.620000000000
 58946,  60.623458432189,  21.439745742724,   4.180000000000,   0.364000000000
 58972,  84.871175075582,  19.012057718889,   4.320000000000,   0.336000000000
 59294,  81.587366874745,  19.166079456465,   4.540000000000,   0.292000000000
 59612, 116.664181995688,  10.173259564134,   4.850000000000,   0.230000000000
 59717, 135.870588164987,   3.257886010076,   3.250000000000,   0.550000000000
 59890, 124.171823389443,   7.345323128743,   4.650000000000,   0.270000000000
 60178,  60.453492199084,  20.277844277289,   2.880000000000,   0.624000000000
 60179,  60.453787903489,  20.277829639051,   1.980000000000,   0.804000000000
 60414, 108.133204053382,  11.911882234926,   4.970000000000,   0.206000000000
 60522,  65.730997658886,  19.642687558002,   4.060000000000,   0.388000000000
 60532, 115.649351090176,   9.488149485807,   4.450000000000,   0.310000000000
 60863, 121.366712471023,   7.256200230975,   4.640000000000,   0.272000000000
 61110,  57.540983642668,  19.460805416892,   4.900000000000,   0.220000000000
 61330, 127.489380342289,   4.676884956436,   4.530000000000,   0.294000000000
 61421,  88.095183805632,  15.566855281406,   0.380000000000,   1.124000000000
 61429, 118.285045390369,   7.599434738082,   4.700000000000,   0.260000000000
 61497,  32.044174048285,  18.281342715681,   4.990000000000,   0.202000000000
 61555, 119.622935397947,   7.036158926168,   4.500000000000,   0.300000000000
 61556, 119.624793961080,   7.035543890178,   4.620000000000,   0.276000000000
 61772, 108.385054690128,  10.171627166742,   4.940000000000,   0.212000000000
 61831, 130.508162526997,   3.174167290520,   4.840000000000,   0.232000000000
 61935, 102.737031826611,  11.553256689823,   3.930000000000,   0.414000000000
 62044,  63.486344769285,  18.192454151837,   4.280000000000,   0.344000000000
 62345,  68.145937278648,  17.479164025764,   3.570000000000,   0.486000000000
 62509,  64.340374509971,  17.674528458483,   1.140000000000,   0.972000000000
 62576, 120.831786618746,   5.540105213434,   4.590000000000,   0.282000000000
 62623, 121.332825014654,   5.316208561659,   3.960000000000,   0.408000000000
 62721,  74.190480674817,  16.307787434851,   4.880000000000,   0.224000000000
 63032, 129.817274719816,   2.204778416834,   3.610000000000,   0.478000000000
 63462, 118.155661681446,   5.325252148815,   4.500000000000,   0.300000000000
 63700, 117.041306289453,   5.383762649364,   3.340000000000,   0.532000000000
 64145,  65.441603284662,  15.731743762676,   4.970000000000,   0.206000000000
 64440, 131.885117809257,   0.121356466124,   3.730000000000,   0.454000000000
 64503, 130.225972822406,   0.554172585236,   4.490000000000,   0.302000000000
 65228, 114.642810144123,   4.288662643963,   4.200000000000,   0.360000000000
 65456, 121.760702732849,   2.030197026067,   4.790000000000,   0.242000000000
 65695,  95.792258548739,   8.584328774710,   4.930000000000,   0.214000000000
 65810, 110.124378482120,   4.824993493683,   4.610000000000,   0.278000000000
 65953,  93.455306407090,   8.760791137773,   4.680000000000,   0.264000000000
 66141,  89.720255375010,   9.353494302335,   4.390000000000,   0.322000000000
 66216,  64.095197141967,  13.650743252240,   4.940000000000,   0.212000000000
 67006,  39.631700856544,  14.799900346929,   4.840000000000,   0.232000000000
 67523, 115.359924102213,   1.549090327068,   2.810000000000,   0.638000000000
 67594,  94.585854729957,   6.601253600458,   4.340000000000,   0.332000000000
 67797, 110.378684710498,   2.514443512829,   4.400000000000,   0.320000000000
 68290, 104.117203260674,   3.569705221736,   4.720000000000,   0.256000000000
 68752, 106.771360165608,   2.381266135220,   4.990000000000,   0.202000000000
 69267,  82.189031267929,   7.361343017294,   3.520000000000,   0.496000000000
 70272,  47.940471856554,  11.686558320339,   4.250000000000,   0.350000000000
 71155,  94.500648085175,   2.244513276098,   3.900000000000,   0.420000000000
 71369,  29.991409300716,  12.325582305287,   3.360000000000,   0.528000000000
 73108,  26.209239405397,  11.521123378190,   4.600000000000,   0.280000000000
 73262,  84.457642614891,   1.488553460902,   4.160000000000,   0.368000000000
 73471,  86.698626677077,   0.691739876009,   4.440000000000,   0.312000000000
 74198,  68.764057144155,   3.638041168805,   4.660000000000,   0.268000000000
 74442,  71.929620952041,   2.588063683536,   3.940000000000,   0.412000000000
 74739,  61.460563379227,   4.462036670981,   4.020000000000,   0.396000000000
 76644,  42.023210270112,   6.235302213333,   3.140000000000,   0.572000000000
 76827,  22.554642953497,   9.748764152015,   4.760000000000,   0.248000000000
 76943,  48.092558982174,   4.583346747422,   3.970000000000,   0.406000000000
 77327,  42.721783091049,   5.310966587207,   3.600000000000,   0.480000000000
 77912,  51.059753434455,   2.689154714296,   4.560000000000,   0.288000000000
 78154,  22.894264996280,   8.910797001083,   4.800000000000,   0.240000000000
 78209,  38.177918454427,   5.534952939904,   4.480000000000,   0.304000000000
 78362,  26.453157332917,   8.059255580020,   4.670000000000,   0.266000000000
 79439,  35.549118539585,   5.074280922681,   4.830000000000,   0.234000000000
 81817,   8.509350884953,  10.682722664257,   4.290000000000,   0.342000000000
 81937,  26.275317655117,   5.707999505780,   3.670000000000,   0.466000000000
 82210,  19.690959675953,   7.472809778514,   4.560000000000,   0.288000000000
 82328,  37.061582796538,   1.985058187204,   3.170000000000,   0.566000000000
 82621,  36.609265996818,   1.818303566356,   4.500000000000,   0.300000000000
 84999,  29.263008104739,   2.126583511356,   3.800000000000,   0.440000000000
 85235,  33.809272802893,   0.100152594127,   4.590000000000,   0.282000000000
 89822,  21.722994720906,   1.472859945486,   4.970000000000,   0.206000000000
 91190,  12.481931273409,   5.798331518444,   4.840000000000,   0.232000000000
124547,   1.565085564710,   0.657452491497,   4.820000000000,   0.236000000000
139669, 357.097938455595,   0.683289271081,   4.960000000000,   0.208000000000
142105, 356.549599524083,   1.283625298117,   4.320000000000,   0.336000000000
148048, 354.057060639633,   0.027023540655,   4.950000000000,   0.210000000000
153751, 355.751522855491,   6.218116484394,   4.230000000000,   0.354000000000
162003, 347.261812514613,   0.360010869151,   4.580000000000,   0.284000000000
166205, 357.584927153598,  10.519844596657,   4.360000000000,   0.328000000000
170000, 344.657444463193,   2.119678725634,   4.220000000000,   0.356000000000
170153, 345.767496579451,   2.966294251561,   3.570000000000,   0.486000000000
176524, 343.174015109603,   4.367105179593,   4.820000000000,   0.236000000000
180610, 330.082194765041,   0.146039853963,   4.990000000000,   0.202000000000
180711, 339.201961181625,   4.163500472054,   3.070000000000,   0.586000000000
181984, 344.322983735032,   6.712245110147,   4.450000000000,   0.310000000000
182564, 337.091284753417,   4.113802536033,   4.590000000000,   0.282000000000
185144, 340.373465407881,   6.586972081194,   4.680000000000,   0.264000000000
185395, 321.907759189979,   0.360837836643,   4.480000000000,   0.304000000000
186882, 316.629629177631,   0.029493583565,   2.870000000000,   0.626000000000
188119, 340.531922346389,   8.062597892324,   3.830000000000,   0.434000000000
189037, 323.075245992719,   3.900308869596,   4.920000000000,   0.216000000000
189276, 329.242219939964,   5.714919118800,   4.960000000000,   0.208000000000
190940, 337.857247363524,   8.723058962617,   4.510000000000,   0.298000000000
191610, 307.371276807270,   2.085058563031,   4.930000000000,   0.214000000000
192514, 316.888626627720,   5.224073887510,   4.830000000000,   0.234000000000
192577, 316.803263035130,   5.259500336110,   3.790000000000,   0.442000000000
192640, 307.084989579034,   3.068829436665,   4.970000000000,   0.206000000000
192685, 296.166241689510,   0.479497730602,   4.780000000000,   0.244000000000
192696, 326.448066823874,   7.423866606814,   4.300000000000,   0.340000000000
192806, 298.292821198540,   1.135458116570,   4.520000000000,   0.296000000000
192907, 347.548834397269,  11.142199985597,   4.390000000000,   0.322000000000
192909, 317.682928425920,   5.787538436210,   3.980000000000,   0.404000000000
193237, 308.126024219469,   3.986133269551,   4.810000000000,   0.238000000000
194093, 310.106121530630,   5.323381676601,   2.200000000000,   0.760000000000
194317, 302.140201623758,   3.862439873768,   4.430000000000,   0.314000000000
195295, 300.098452177254,   4.616801550522,   4.010000000000,   0.398000000000
195556, 318.413285219812,   8.410091660081,   4.950000000000,   0.210000000000
195725, 332.483588748144,  10.565978749544,   4.220000000000,   0.356000000000
195810, 281.280237840694,   1.271116136730,   4.030000000000,   0.394000000000
196093, 304.703168195622,   6.549407029474,   4.610000000000,   0.278000000000
196180, 284.453508144023,   2.522587979100,   4.680000000000,   0.264000000000
196524, 284.256485884226,   3.036116082360,   3.630000000000,   0.474000000000
196724, 290.673163952345,   4.681164535502,   4.820000000000,   0.236000000000
196867, 285.434598634706,   3.812739858281,   3.770000000000,   0.446000000000
197345, 314.425457005864,   9.715801142085,   1.250000000000,   0.950000000000
197461, 284.417060942762,   4.531759158898,   4.430000000000,   0.314000000000
197752, 294.382815818215,   6.932422919752,   4.910000000000,   0.218000000000
197912, 299.750282921056,   8.119476354076,   4.220000000000,   0.356000000000
197964, 285.284906051518,   5.505546356222,   4.270000000000,   0.346000000000
197989, 302.965326799970,   8.802820973793,   2.460000000000,   0.708000000000
198001, 260.203634240473,   0.084683637892,   3.770000000000,   0.446000000000
198026, 264.550482975080,   1.120045463667,   4.420000000000,   0.316000000000
198084, 326.769768144528,  11.869899677742,   4.510000000000,   0.298000000000
198134, 303.334190847368,   9.068005488022,   4.920000000000,   0.216000000000
198149, 331.107953021562,  12.246453099686,   3.430000000000,   0.514000000000
198183, 305.441983453989,   9.461544257065,   4.530000000000,   0.294000000000
198478, 315.079491575657,  11.131441688981,   4.840000000000,   0.232000000000
198743, 260.419500232232,   1.399294579164,   4.730000000000,   0.254000000000
198809, 295.891488411721,   8.868373818304,   4.590000000000,   0.282000000000
199081, 313.236354450045,  11.670365646325,   4.780000000000,   0.244000000000
199629, 309.881937313625,  12.002039558214,   3.940000000000,   0.412000000000
200120, 316.306304885994,  13.133082929028,   4.740000000000,   0.252000000000
200499, 249.180172351742,   1.552382110654,   4.840000000000,   0.232000000000
200761, 251.630494732435,   2.558421436952,   4.070000000000,   0.386000000000
200905, 312.546666372152,  13.707225015488,   3.720000000000,   0.456000000000
200914, 244.036309441667,   0.860687452624,   4.500000000000,   0.300000000000
201251, 316.346833259993,  14.283256498868,   4.550000000000,   0.290000000000
201381, 257.098843309307,   4.873911138680,   4.510000000000,   0.298000000000
201601, 278.183710866057,   9.936314421302,   4.690000000000,   0.262000000000
202109, 298.344195828081,  13.854126887019,   3.200000000000,   0.560000000000
202275, 277.852836062677,  10.908319498913,   4.490000000000,   0.302000000000
202444, 306.332334835717,  15.058206323355,   3.720000000000,   0.456000000000
202447, 273.044960578781,  10.255628944584,   3.920000000000,   0.416000000000
202627, 236.495348068844,   1.235017741936,   4.710000000000,   0.258000000000
202850, 307.685207460183,  15.676479684571,   4.230000000000,   0.354000000000
202904, 303.024041541141,  15.405832291921,   4.430000000000,   0.314000000000
203280, 331.808364558949,  16.134965804952,   2.440000000000,   0.712000000000
203387, 250.999531982775,   6.424112636383,   4.280000000000,   0.344000000000
203504, 287.402528924446,  14.458977072981,   4.080000000000,   0.384000000000
204075, 245.320030467900,   5.871571884293,   3.740000000000,   0.452000000000
204381, 245.764262443833,   6.500399663121,   4.510000000000,   0.298000000000
204724, 291.080876124041,  16.799652764381,   4.570000000000,   0.286000000000
204867, 261.400320295468,  11.583756590882,   2.910000000000,   0.618000000000
205021, 340.175298931794,  16.421108506384,   3.230000000000,   0.554000000000
205435, 314.069493682641,  18.922781300603,   4.020000000000,   0.396000000000
205512, 306.605195754384,  19.000483912432,   4.900000000000,   0.220000000000
205637, 247.443326516365,   9.055656979660,   4.680000000000,   0.264000000000
205767, 258.740021516831,  12.485050868609,   4.690000000000,   0.262000000000
206088, 249.945251769192,  10.571707461234,   3.680000000000,   0.464000000000
206165, 331.483960909592,  18.415279817055,   4.730000000000,   0.254000000000
206453, 247.620111485553,  10.493585220997,   4.730000000000,   0.254000000000
206672, 320.059726098951,  20.043156530683,   4.670000000000,   0.266000000000
206742, 233.911363875797,   6.374205019032,   4.340000000000,   0.332000000000
206778, 276.276071317755,  18.066173450770,   2.390000000000,   0.722000000000
206826, 296.113227981998,  20.467941642980,   4.730000000000,   0.254000000000
206859, 284.051251602052,  19.354002359974,   4.340000000000,   0.332000000000
206901, 292.809084586391,  20.334677320587,   4.130000000000,   0.374000000000
206936, 328.108672072953,  19.504316680064,   4.080000000000,   0.384000000000
206952, 341.129783991746,  17.370827881237,   4.560000000000,   0.288000000000
207098, 249.957922135806,  12.322257062588,   2.870000000000,   0.626000000000
207260, 330.603324413398,  19.429275272752,   4.290000000000,   0.342000000000
207330, 318.116799097269,  20.930295377383,   4.230000000000,   0.354000000000
207971, 229.173205876692,   6.537421137183,   3.010000000000,   0.598000000000
208450, 212.624321156685,   0.325147139454,   4.400000000000,   0.320000000000
208816, 333.466379218911,  20.271227785604,   4.910000000000,   0.218000000000
209100, 210.676083161654,   0.286185551477,   4.690000000000,   0.262000000000
209409, 262.753423239359,  20.108701456809,   4.690000000000,   0.262000000000
209688, 226.213335919170,   7.882637938177,   4.460000000000,   0.308000000000
209747, 270.137148518058,  22.352559570695,   4.840000000000,   0.232000000000
209750, 264.488422389279,  21.166152669990,   2.960000000000,   0.608000000000
209790, 334.694295147409,  20.807465372058,   4.290000000000,   0.342000000000
209819, 250.664261324806,  17.477174738604,   4.270000000000,   0.346000000000
209952, 219.267972323136,   5.131992270118,   1.740000000000,   0.852000000000
210027, 292.102933167596,  25.348218575239,   3.760000000000,   0.448000000000
210049, 232.102640998659,  10.953500243570,   4.500000000000,   0.300000000000
210066, 231.114106764611,  10.540576958790,   4.990000000000,   0.202000000000
210302, 232.363826913057,  11.466859497284,   4.920000000000,   0.216000000000
210418, 271.099244792873,  23.688829718359,   3.530000000000,   0.494000000000
210459, 300.787915599379,  26.118680459786,   4.290000000000,   0.342000000000
210745, 328.165670805870,  23.122276814415,   3.350000000000,   0.530000000000
210807, 342.748949841350,  19.218822808945,   4.790000000000,   0.242000000000
211073, 308.118480210542,  26.543132645787,   4.490000000000,   0.302000000000
211088, 223.788722985473,   8.755747998080,   4.790000000000,   0.242000000000
211336, 327.075880526238,  23.931513635650,   4.190000000000,   0.362000000000
211388, 305.960525121321,  27.113102751079,   4.130000000000,   0.374000000000
211391, 255.965078422938,  21.795777860206,   4.160000000000,   0.368000000000
211416, 206.686935352968,   0.517115322787,   2.860000000000,   0.628000000000
212061, 262.285104843169,  24.737577833432,   3.840000000000,   0.432000000000
212097, 295.363953540573,  28.614126514153,   4.810000000000,   0.238000000000
212120, 315.882600112424,  26.959457440447,   4.570000000000,   0.286000000000
212496, 322.214337987712,  26.235572854690,   4.430000000000,   0.314000000000
212571, 265.002413399473,  26.302246162481,   4.660000000000,   0.268000000000
212593, 319.245633867392,  26.981012698948,   4.570000000000,   0.286000000000
212943, 268.466736282781,  27.679412649478,   4.790000000000,   0.242000000000
213009, 220.678752150775,  10.005272467861,   3.970000000000,   0.406000000000
213051, 263.243881170541,  26.819032729137,   4.590000000000,   0.282000000000
213052, 263.243004393000,  26.823134566338,   4.420000000000,   0.316000000000
213080, 220.410140338347,   9.959157611017,   4.110000000000,   0.378000000000
213306, 329.079177936482,  25.388735219868,   3.750000000000,   0.450000000000
213310, 317.487306247720,  28.157720485083,   4.360000000000,   0.328000000000
213320, 251.811609896152,  24.108397033707,   4.820000000000,   0.236000000000
213398, 230.568267246694,  15.627480690116,   4.290000000000,   0.342000000000
213420, 312.394215099340,  29.193951334419,   4.510000000000,   0.298000000000
213442, 204.325070892727,   1.189320987144,   4.810000000000,   0.238000000000
213558, 320.404097839031,  27.864476538125,   3.770000000000,   0.446000000000
213998, 262.668666087386,  28.373777036562,   4.020000000000,   0.396000000000
214454, 322.066059196931,  28.470296986731,   4.630000000000,   0.274000000000
214680, 308.052318730498,  31.491209408646,   4.880000000000,   0.224000000000
214748, 234.584153906391,  19.802826842598,   4.170000000000,   0.366000000000
214868, 314.101809640878,  30.749037953871,   4.460000000000,   0.308000000000
214923, 274.719518954294,  32.110453125696,   3.400000000000,   0.520000000000
214952, 216.496141165181,  10.328086790313,   2.100000000000,   0.780000000000
214994, 296.657215395221,  33.058041295793,   4.790000000000,   0.242000000000
215104, 221.178836361961,  13.318890186688,   4.850000000000,   0.230000000000
215167, 242.250486606133,  23.967951490319,   4.690000000000,   0.262000000000
215182, 297.767409591841,  33.270210337969,   2.940000000000,   0.612000000000
215369, 210.605203328279,   7.150766819749,   4.850000000000,   0.230000000000
215648, 276.083445094454,  33.569772074339,   4.190000000000,   0.362000000000
215665, 289.796793171618,  34.292479912159,   3.950000000000,   0.410000000000
215789, 212.191475623735,   8.731553550988,   3.490000000000,   0.502000000000
216032, 246.941252845021,  27.380189102910,   4.010000000000,   0.398000000000
216131, 291.066043115626,  35.077444280491,   3.480000000000,   0.504000000000
216228, 338.035805266310,  24.767163981067,   3.520000000000,   0.496000000000
216336, 227.848001241955,  19.251226084770,   4.460000000000,   0.308000000000
216386, 253.027481036074,  30.258252297213,   3.740000000000,   0.452000000000
216397, 313.558082421856,  32.995435950942,   4.940000000000,   0.212000000000
216446, 353.933098912840,  16.587332380699,   4.740000000000,   0.252000000000
216627, 244.086728444532,  27.614525877664,   3.270000000000,   0.546000000000
216735, 271.680153648814,  35.136799864184,   4.900000000000,   0.220000000000
216763, 227.762482562848,  20.040430532660,   4.210000000000,   0.358000000000
216946, 321.108988156475,  31.894951426147,   4.950000000000,   0.210000000000
216956, 230.244675160237,  21.849669072595,   1.160000000000,   0.968000000000
217364, 209.897149362012,   9.452405734090,   4.120000000000,   0.376000000000
217382, 355.092900646194,  16.120508457467,   4.710000000000,   0.258000000000
217675, 312.964665933084,  34.999102132939,   3.620000000000,   0.476000000000
217891, 265.123574090423,  36.245315678039,   4.530000000000,   0.294000000000
217906, 295.604092863904,  37.964100067425,   2.420000000000,   0.716000000000
218031, 321.967339076668,  32.959987040757,   4.650000000000,   0.270000000000
218045, 279.218319665934,  38.261186585266,   2.490000000000,   0.702000000000
218227, 216.903803642789,  15.741210946512,   4.280000000000,   0.344000000000
218240, 234.716407159391,  26.539210043113,   4.470000000000,   0.306000000000
218329, 271.812992266139,  38.103341640993,   4.520000000000,   0.296000000000
218356, 292.351232917226,  38.911270994077,   4.760000000000,   0.248000000000
218376, 332.158317268136,  29.492945595778,   4.850000000000,   0.230000000000
218594, 236.891146475183,  28.353536730044,   3.660000000000,   0.468000000000
218640, 235.560131916488,  27.820625732325,   4.690000000000,   0.262000000000
218658, 347.521608387529,  21.527643139373,   4.410000000000,   0.318000000000
218670, 215.081922876793,  15.208566744576,   3.900000000000,   0.420000000000
219080, 321.845293072977,  34.454775737433,   4.520000000000,   0.296000000000
219215, 252.500109566041,  35.844383400707,   4.220000000000,   0.356000000000
219449, 248.861001503666,  35.070135935481,   4.210000000000,   0.358000000000
219571, 204.090076012930,   7.854308831457,   3.990000000000,   0.402000000000
219615, 263.466706086412,  39.337332434939,   3.690000000000,   0.462000000000
219688, 248.514723281751,  35.490638103371,   4.390000000000,   0.322000000000
219734, 321.807417819703,  35.386713685951,   4.850000000000,   0.230000000000
219784, 224.921716165907,  24.081178593905,   4.410000000000,   0.318000000000
219832, 247.905258657342,  35.557552220168,   4.980000000000,   0.204000000000
219916, 341.411795572498,  26.264817709097,   4.750000000000,   0.250000000000
220061, 290.347736210580,  42.093576123323,   4.600000000000,   0.280000000000
220321, 236.156585862420,  31.635023359420,   3.970000000000,   0.406000000000
220652, 336.287455570700,  30.004966024400,   4.980000000000,   0.204000000000
220657, 289.992208955451,  43.198462833337,   4.400000000000,   0.320000000000
220704, 235.176092642975,  31.974525634260,   4.390000000000,   0.322000000000
220825, 260.065203358272,  41.165296847994,   4.940000000000,   0.212000000000
220954, 266.661438444837,  42.659807852909,   4.280000000000,   0.344000000000
221115, 275.266893029549,  43.932131553267,   4.550000000000,   0.290000000000
221253, 333.002471304006,  32.548925382369,   4.910000000000,   0.218000000000
221507, 218.425566984108,  23.149020859334,   4.370000000000,   0.326000000000
221565, 233.840319589607,  33.265606571471,   4.710000000000,   0.258000000000
221673, 301.197481574521,  43.934002742680,   4.980000000000,   0.204000000000
221760, 214.237857138052,  20.313498982764,   4.710000000000,   0.258000000000
222095, 211.627814526350,  18.739023911746,   4.740000000000,   0.252000000000
222107, 320.650954286101,  39.483567513875,   3.820000000000,   0.436000000000
222173, 316.928520396970,  40.934998984781,   4.290000000000,   0.342000000000
222368, 264.754529467865,  45.410082408815,   4.130000000000,   0.374000000000
222404, 350.632666553003,  21.591603397791,   3.210000000000,   0.558000000000
222439, 318.435553631644,  40.860775531103,   4.140000000000,   0.372000000000
222574, 235.721866925983,  36.615474880143,   4.820000000000,   0.236000000000
222603, 259.290002297642,  44.932728818347,   4.500000000000,   0.300000000000
222661, 239.098999226149,  38.510511043796,   4.490000000000,   0.302000000000
222842, 299.151694394561,  46.476339629063,   4.930000000000,   0.214000000000
223047, 321.485929706420,  40.798750298884,   4.950000000000,   0.210000000000
223165, 334.603850214515,  34.319651975218,   4.870000000000,   0.226000000000
223352, 224.425993040245,  31.911080342413,   4.570000000000,   0.286000000000
224014, 334.201854009904,  35.789090729774,   4.540000000000,   0.292000000000
224427, 293.830038521235,  50.310570169075,   4.660000000000,   0.268000000000
224490, 328.431384270358,  39.905556777216,   4.800000000000,   0.240000000000
224533, 250.024582745780,  47.017642225810,   4.860000000000,   0.228000000000
224572, 332.979909603316,  37.364766708461,   4.880000000000,   0.224000000000
224617, 265.005030061892,  50.372175033148,   4.010000000000,   0.398000000000
224686, 195.351550213973,   6.052601933603,   4.500000000000,   0.300000000000
224935, 246.258663843042,  46.728216987388,   4.410000000000,   0.318000000000
225132, 232.460431504015,  41.225043441627,   4.550000000000,   0.290000000000
225212, 240.143562383486,  45.138108086714,   4.940000000000,   0.212000000000
